{
	"description": "项目配置文件",
	"packOptions": {
		"ignore": []
	},
	"setting": {
		"urlCheck": false,
		"es6": true,
		"postcss": true,
		"minified": true,
		"newFeature": true,
		"autoAudits": false
	},
	"compileType": "miniprogram",
	"libVersion": "2.6.4",
	"appid": "wxb55edfb315bb284b",
	"projectname": "gh%20wss",
	"debugOptions": {
		"hidedInDevtools": []
	},
	"isGameTourist": false,
	"condition": {
		"search": {
			"current": -1,
			"list": []
		},
		"conversation": {
			"current": -1,
			"list": []
		},
		"plugin": {
			"current": -1,
			"list": []
		},
		"game": {
			"currentL": -1,
			"list": []
		},
		"miniprogram": {
			"current": 2,
			"list": [
				{
					"id": 0,
					"name": "聊天外部列表",
					"pathName": "pages/wss_list/index",
					"query": "",
					"scene": null
				},
				{
					"id": -1,
					"name": "会话内容",
					"pathName": "pages/wss_dialog/index",
					"query": "",
					"scene": null
				},
				{
					"id": -1,
					"name": "wss demo",
					"pathName": "pages/wss_demo/index",
					"query": "",
					"scene": null
				}
			]
		}
	}
}